id;package_code;cert_type;name_cert;key_length;expired_date;signing_turn;price
1;Personal Loan Account invoice system;62567;monetize;2321;2021-08-26;17164;92913
2;Pakistan executive;8117;Cotton program;5714;2021-08-25;63731;57683
3;International multi-byte;75819;Shoes;95280;2021-08-25;50699;37494
4;Computer Awesome Hat;54546;Internal olive moderator;5089;2021-08-25;68944;56834
5;Senior Borders Program;26336;teal;13207;2021-08-25;80402;83439
6;Sierra Leone orange;99820;Rustic Soft Chicken deposit;46566;2021-08-25;29216;58486
7;firewall Kids initiatives;53630;Clothing;95548;2021-08-25;73883;27800
8;Qatar hard drive;32689;green intuitive intuitive;19207;2021-08-25;6351;98734
9;Maine Ergonomic Fresh Pizza Sausages;42000;deposit;18564;2021-08-25;39298;68250
10;array Computer Chips;76772;Saint Helena Pound Rustic Accounts;96358;2021-08-25;13642;74209
