id;api;trigger_time;code;message;data;type
1;Kentucky;2020-10-26T04:55:11;Gorgeous;Divide Facilitator;Representative empowering;28622
2;parsing Buckinghamshire orchestrate;2020-10-26T02:17:52;red invoice;implement internet solution;matrix Engineer;38698
3;SQL;2020-10-26T05:29:32;Cotton Executive;Operations;Auto Loan Account Zimbabwe;98441
4;back up;2020-10-25T23:47:50;Re-contextualized solutions invoice;next-generation incentivize;high-level Small Assistant;78429
5;cross-platform;2020-10-26T03:57:53;Tools;primary;Berkshire Pizza;88371
6;programming deliver withdrawal;2020-10-26T06:14:21;Fantastic;clear-thinking enable transmit;Bacon optical;52956
7;CFA Franc BEAC;2020-10-25T15:56:06;Alabama;port models Dynamic;5th generation Maryland Personal Loan Account;75828
8;Corporate JSON;2020-10-25T16:37:16;Berkshire hard drive;SSL Avon mesh;Group JBOD Gardens;34835
9;Savings Account Denar intangible;2020-10-26T02:16:24;SMTP Industrial Danish Krone;calculate Awesome Personal Loan Account;Sleek Cotton Salad Dynamic calculating;66488
10;white;2020-10-26T11:31:03;Belgium Towels Electronics;Pakistan SCSI;mint green Health;19495
